{
"lengthUnit": "mil",
"remark": [],
"components": {
	"fields": ["COMPONENT_NO", "COMPONENT_NAME", "LAYER", "X_COORDINATE", "Y_COORDINATE", "ANGLE"],
	"rows": [
		[1, "1", "T", 725, 445, 270],
		[2, "U1", "B", 1844.4946, 610.3543, 180],
		[3, "U3", "T", 240, 445, 270],
		[4, "U5", "T", 3455, 445, 270],
		[5, "PAD1", "T", 389.605, 297.36, 0],
		[6, "PAD2", "T", 389.605, 395.79, 0],
		[7, "PAD3", "T", 389.605, 494.21, 0],
		[8, "PAD4", "T", 389.605, 592.64, 0],
		[9, "PAD5", "T", 689.565, 645, 0],
		[10, "PAD5", "T", 689.565, 645, 0],
		[11, "PAD6", "T", 689.565, 445, 0],
		[12, "PAD6", "T", 689.565, 445, 0],
		[13, "PAD7", "T", 689.565, 245, 0],
		[14, "PAD7", "T", 689.565, 245, 0],
		[15, "PAD8", "T", 2329.485, 295.005, 0],
		[16, "PAD8", "T", 2329.485, 295.005, 0],
		[17, "PAD9", "T", 2299.8, 395, 0],
		[18, "PAD9", "T", 2299.8, 395, 0],
		[19, "PAD10", "T", 2299.8, 495, 0],
		[20, "PAD10", "T", 2299.8, 495, 0],
		[21, "PAD11", "T", 2299.8, 595, 0],
		[22, "PAD11", "T", 2299.8, 595, 0],
		[23, "PAD12", "T", 2791.22, 791.455, 0],
		[24, "PAD13", "T", 2691.22, 791.455, 0],
		[25, "PAD14", "T", 3191.22, 98.545, 0],
		[26, "PAD15", "T", 3291.22, 98.545, 0],
		[27, "PAD16", "T", 3391.22, 98.545, 0],
		[28, "PAD17", "B", 1214.5734, 610.3543, 0],
		[29, "PAD18", "B", 1214.5734, 279.6456, 0],
		[30, "PAD19", "B", 1844.4946, 610.3543, 0],
		[31, "PAD20", "B", 1844.4946, 279.6456, 0]
	]
},
"pins": {
	"fields": ["PIN_NO", "PIN_NAME", "PIN_X", "PIN_Y", "LAYER", "PIN_TYPE", "NET_NAME", "NET_TYPE", "PAD_SHAPE", "PAD_SIZEX", "PAD_SIZEY", "HOLE_SIZE", "HOLE_LEN", "PAD_ANGLE"],
	"rows": [
		[1, "1_A", 689.565, 245, "T", "DIP", "A", "", "P", 141.59, 70.86, 47.2, 47.2, 180],
		[2, "1_A", 689.565, 245, "T", "DIP", "A", "", "P", 141.59, 70.86, 47.2, 47.2, 180],
		[3, "1_B", 689.565, 445, "T", "DIP", "B", "", "P", 141.59, 70.86, 47.2, 47.2, 180],
		[4, "1_B", 689.565, 445, "T", "DIP", "B", "", "P", 141.59, 70.86, 47.2, 47.2, 180],
		[5, "1_GND", 2299.8, 595, "T", "DIP", "GND", "GND", "P", 118.63, 59.37, 39.36, 39.37, 0],
		[6, "1_GND", 2299.8, 595, "T", "DIP", "GND", "GND", "P", 118.63, 59.37, 39.36, 39.37, 0],
		[7, "1_GROUND", 689.565, 645, "T", "DIP", "GND", "GND", "P", 141.59, 70.86, 47.2, 47.2, 180],
		[8, "1_GROUND", 689.565, 645, "T", "DIP", "GND", "GND", "P", 141.59, 70.86, 47.2, 47.2, 180],
		[9, "1_RXD", 2299.8, 495, "T", "DIP", "RXD", "", "P", 118.63, 59.37, 39.36, 39.37, 0],
		[10, "1_RXD", 2299.8, 495, "T", "DIP", "RXD", "", "P", 118.63, 59.37, 39.36, 39.37, 0],
		[11, "1_TXD", 2299.8, 395, "T", "DIP", "TXD", "", "P", 118.63, 59.37, 39.36, 39.37, 0],
		[12, "1_TXD", 2299.8, 395, "T", "DIP", "TXD", "", "P", 118.63, 59.37, 39.36, 39.37, 0],
		[13, "1_VCC", 2329.485, 295.005, "T", "DIP", "3V", "", "P", 118.63, 59.37, 39.36, 39.37, 0],
		[14, "1_VCC", 2329.485, 295.005, "T", "DIP", "3V", "", "P", 118.63, 59.37, 39.36, 39.37, 0],
		[15, "U1_1", 1844.4946, 610.3543, "B", "SMD", "+5V", "", "R", 118.1102, 157.4803, 0, 0, 270],
		[16, "U1_2", 1844.4946, 279.6456, "B", "SMD", "GND", "GND", "R", 118.1102, 157.4803, 0, 0, 270],
		[17, "U1_3", 1214.5734, 610.3543, "B", "SMD", "VCC", "", "R", 118.1102, 157.4803, 0, 0, 90],
		[18, "U1_4", 1214.5734, 279.6456, "B", "SMD", "GND", "GND", "R", 118.1102, 157.4803, 0, 0, 90],
		[19, "U3_1", 389.605, 592.64, "T", "SMD", "VCC", "", "R", 59.055, 157.48, 0, 0, 270],
		[20, "U3_2", 389.605, 494.21, "T", "SMD", "GND", "GND", "R", 59.055, 157.48, 0, 0, 270],
		[21, "U3_3", 389.605, 395.79, "T", "SMD", "A", "", "R", 59.055, 157.48, 0, 0, 270],
		[22, "U3_4", 389.605, 297.36, "T", "SMD", "B", "", "R", 59.055, 157.48, 0, 0, 270],
		[23, "U3_5", 90.395, 709.96, "T", "SMD", "NET_1", "", "R", 59.055, 137.795, 0, 0, 270],
		[24, "U3_6", 90.395, 180.04, "T", "SMD", "NET_2", "", "R", 59.055, 137.795, 0, 0, 270],
		[25, "U5_1", 3391.22, 791.455, "T", "SMD", "NET_3", "", "O", 157.48, 60, 0, 0, 270],
		[26, "U5_2", 3291.22, 791.455, "T", "SMD", "NET_4", "", "O", 157.48, 60, 0, 0, 270],
		[27, "U5_3", 3191.22, 791.455, "T", "SMD", "NET_5", "", "O", 157.48, 60, 0, 0, 270],
		[28, "U5_4", 3091.22, 791.455, "T", "SMD", "NET_6", "", "O", 157.48, 60, 0, 0, 270],
		[29, "U5_5", 2991.22, 791.455, "T", "SMD", "NET_7", "", "O", 157.48, 60, 0, 0, 270],
		[30, "U5_6", 2891.22, 791.455, "T", "SMD", "NET_8", "", "O", 157.48, 60, 0, 0, 270],
		[31, "U5_7", 2791.22, 791.455, "T", "SMD", "RXD", "", "O", 157.48, 60, 0, 0, 270],
		[32, "U5_8", 2691.22, 791.455, "T", "SMD", "TXD", "", "O", 157.48, 60, 0, 0, 270],
		[33, "U5_9", 2691.22, 98.545, "T", "SMD", "NET_9", "", "O", 157.48, 60, 0, 0, 270],
		[34, "U5_10", 2791.22, 98.545, "T", "SMD", "NET_10", "", "O", 157.48, 60, 0, 0, 270],
		[35, "U5_11", 2891.22, 98.545, "T", "SMD", "NET_11", "", "O", 157.48, 60, 0, 0, 270],
		[36, "U5_12", 2991.22, 98.545, "T", "SMD", "NET_12", "", "O", 157.48, 60, 0, 0, 270],
		[37, "U5_13", 3091.22, 98.545, "T", "SMD", "NET_13", "", "O", 157.48, 60, 0, 0, 270],
		[38, "U5_14", 3191.22, 98.545, "T", "SMD", "3V", "", "O", 157.48, 60, 0, 0, 270],
		[39, "U5_15", 3291.22, 98.545, "T", "SMD", "GND", "GND", "O", 157.48, 60, 0, 0, 270],
		[40, "U5_16", 3391.22, 98.545, "T", "SMD", "+5V", "", "O", 157.48, 60, 0, 0, 270],
		[41, "PAD1_4", 389.605, 297.36, "T", "SMD", "B", "", "R", 59.055, 157.48, 0, 0, 270],
		[42, "PAD2_3", 389.605, 395.79, "T", "SMD", "A", "", "R", 59.055, 157.48, 0, 0, 270],
		[43, "PAD3_2", 389.605, 494.21, "T", "SMD", "GND", "GND", "R", 59.055, 157.48, 0, 0, 270],
		[44, "PAD4_1", 389.605, 592.64, "T", "SMD", "VCC", "", "R", 59.055, 157.48, 0, 0, 270],
		[45, "PAD5_GROUND", 689.565, 645, "T", "DIP", "GND", "GND", "P", 141.59, 70.86, 47.2, 47.2, 180],
		[46, "PAD5_GROUND", 689.565, 645, "T", "DIP", "GND", "GND", "P", 141.59, 70.86, 47.2, 47.2, 180],
		[47, "PAD6_B", 689.565, 445, "T", "DIP", "B", "", "P", 141.59, 70.86, 47.2, 47.2, 180],
		[48, "PAD6_B", 689.565, 445, "T", "DIP", "B", "", "P", 141.59, 70.86, 47.2, 47.2, 180],
		[49, "PAD7_A", 689.565, 245, "T", "DIP", "A", "", "P", 141.59, 70.86, 47.2, 47.2, 180],
		[50, "PAD7_A", 689.565, 245, "T", "DIP", "A", "", "P", 141.59, 70.86, 47.2, 47.2, 180],
		[51, "PAD8_VCC", 2329.485, 295.005, "T", "DIP", "3V", "", "P", 118.63, 59.37, 39.36, 39.37, 0],
		[52, "PAD8_VCC", 2329.485, 295.005, "T", "DIP", "3V", "", "P", 118.63, 59.37, 39.36, 39.37, 0],
		[53, "PAD9_TXD", 2299.8, 395, "T", "DIP", "TXD", "", "P", 118.63, 59.37, 39.36, 39.37, 0],
		[54, "PAD9_TXD", 2299.8, 395, "T", "DIP", "TXD", "", "P", 118.63, 59.37, 39.36, 39.37, 0],
		[55, "PAD10_RXD", 2299.8, 495, "T", "DIP", "RXD", "", "P", 118.63, 59.37, 39.36, 39.37, 0],
		[56, "PAD10_RXD", 2299.8, 495, "T", "DIP", "RXD", "", "P", 118.63, 59.37, 39.36, 39.37, 0],
		[57, "PAD11_GND", 2299.8, 595, "T", "DIP", "GND", "GND", "P", 118.63, 59.37, 39.36, 39.37, 0],
		[58, "PAD11_GND", 2299.8, 595, "T", "DIP", "GND", "GND", "P", 118.63, 59.37, 39.36, 39.37, 0],
		[59, "PAD12_7", 2791.22, 791.455, "T", "SMD", "RXD", "", "O", 157.48, 60, 0, 0, 270],
		[60, "PAD13_8", 2691.22, 791.455, "T", "SMD", "TXD", "", "O", 157.48, 60, 0, 0, 270],
		[61, "PAD14_14", 3191.22, 98.545, "T", "SMD", "3V", "", "O", 157.48, 60, 0, 0, 270],
		[62, "PAD15_15", 3291.22, 98.545, "T", "SMD", "GND", "GND", "O", 157.48, 60, 0, 0, 270],
		[63, "PAD16_16", 3391.22, 98.545, "T", "SMD", "+5V", "", "O", 157.48, 60, 0, 0, 270],
		[64, "PAD17_3", 1214.5734, 610.3543, "B", "SMD", "VCC", "", "R", 118.1102, 157.4803, 0, 0, 90],
		[65, "PAD18_4", 1214.5734, 279.6456, "B", "SMD", "GND", "GND", "R", 118.1102, 157.4803, 0, 0, 90],
		[66, "PAD19_1", 1844.4946, 610.3543, "B", "SMD", "+5V", "", "R", 118.1102, 157.4803, 0, 0, 270],
		[67, "PAD20_2", 1844.4946, 279.6456, "B", "SMD", "GND", "GND", "R", 118.1102, 157.4803, 0, 0, 270]
	]
}
}